<?xml version="1.0" encoding="UTF-8" standalone="yes"?>
<addon id="plugin.video.TVKBWizard" name="TVKB Play Wizard" version="1.0.0" provider-name="DucLifa">
  <requires>
    <import addon="xbmc.python" version="2.1.0"/>
  </requires>
  <extension point="xbmc.python.pluginsource" library="default.py">
        <provides>video executable</provides>
  </extension>
  <extension point="xbmc.addon.metadata">
    <summary lang="en">TVKB - Tivi Kieu Bao by Duclifa</summary>
    <description lang="en">Truyền Hình Giải Trí phục vụ Kiều Bào sống tại CHLB Đức, được tạo bởi tác giả Duclifa Đặt mua: Tel:01774494166 facebook Duc Lifa</description>
	<website>http://SimpleKodi.com</website>
    <platform>all</platform>
  </extension>
</addon>